,Movie_name,Genre,Director,Writer,Painter,Firm,Type,Color,Runtime,Year
0,26 komissar,"tarixi, dram",Nikolay Şengelaya,"Aleksandr Rjeşevski, Nikolay Şengelaya, A. Amiraqov",Viktor Aden,Azərfilm,tammetrajlı bədii film,ağ-qara,78.0,1932
1,40-cı qapı,dram,Elçin Musaoğlu,Elçin Musaoğlu,Elxan Nəbiyev,Ritm Prodakşn,tammetrajlı bədii film,rəngli,81.0,2008
2,1001-ci qastrol,"komediya, musiqili",Oqtay Mirqasımov,"Vaqif Səmədoğlu, Oqtay Mirqasımov",Rafiz İsmayılov,"""Azərbaycanfilm"" kinostudiyası",tammetrajlı bədii film,rəngli,65.0,1974
3,Ad günü,dram,Rasim Ocaqov,Rüstəm İbrahimbəyov,Kamil Nəcəfzadə,"""Azərbaycanfilm"" kinostudiyası",tammetrajlı bədii film,rəngli,71.0,1977
4,Ağ atlı oğlan,"dram, döyüş, müharibə, uşaq",Ənvər Əbluc,"İsi Məlikzadə, Ənvər Əbluc",Nizami Bəydəmirov,"""Azərbaycanfilm"" kinostudiyası",tammetrajlı bədii film,None,64.0,1995
5,"""Ağ-qara"" gecələr",dram,Ayaz Salayev,"Ayaz Salayev, [1], Nadya Mağuli","İbrahimxəlil Aminov, Əziz Məmmədov","""Azərbaycanfilm"" kinostudiyası",tammetrajlı bədii film,rəngli,81.0,2013
6,Axırıncı aşırım,"dram, döyüş, macəra",Kamil Rüstəmbəyov,Fərman Kərimzadə,Nadir Zeynalov,"""Azərbaycanfilm"" kinostudiyası",tammetrajlı bədii film,ağ-qara,73.0,1971
7,Ailə,dram,"Rüstəm İbrahimbəyov, Ramiz Həsənoğlu",Rüstəm İbrahimbəyov,Şamil Nəcəfzadə,None,tammetrajlı bədii film,rəngli,103.0,1998
8,Aktrisa,"dram, cinayət, triller",Rövşən İsax,"İlqar Fəhmi, Rövşən İsax","Mustafa Mustafayev (dekorator rəssam), Gülnarə Xəlilova (geyim rəssamı)","""Pozitiv Mediya"" Prodüser Mərkəzi",tammetrajlı bədii film,rəngli,97.0,2011
9,Alma almaya bənzər,"komediya, musiqili",Arif Babayev,Alla Axundova,Firəngiz Qurbanova,"""Azərbaycanfilm"" kinostudiyası",tammetrajlı bədii film,rəngli,81.0,1975
10,Alman klinikasına şəxsi səfər,"döyüş, macəra, triller",Rasim İsmayılov,"Rasim İsmayılov, Məmməd Avdiyev",Fikrət Əhədov,"""Azərbaycanfilm"" kinostudiyası",tammetrajlı bədii film,rəngli,128.0,1988
11,Almaz,dram,"Ağarza Quliyev, Qriqori Braginski",Cəfər Cabbarlı,Viktor Aden,Azərbaycan kinostudiyası,tammetrajlı bədii film,ağ-qara,65.0,1936
12,Altıncı hiss,dram,Mikayıl Mikayılov,"Aleksey Kapler, İvan Tartakovski",Viktor Aden,Azərfilm,tammetrajlı bədii film,ağ-qara,100.0,1935
13,Anın quruluşu,"dram, komediya, məhəbbət",Rasim İsmayılov,Rüstəm İbrahimbəyov,Rafiz İsmayılov,"""Azərbaycanfilm"" kinostudiyası",tammetrajlı bədii film,rəngli,129.0,1980
14,Anlamaq istəyirəm,dram,Oqtay Mirqasımov,"Nəbi Xəzri, Leonid Juxovitski, Oqtay Mirqasımov",Firəngiz Qurbanova,"""Azərbaycanfilm"" Kinostudiyası",tammetrajlı bədii film,rəngli,133.0,1980
15,Araqarışdıran,"dram, komediya, məhəbbət",Yefim Abramov,Yefim Abramov,"Elbəy Rzaquliyev, Rafiq Nəsirov","""Azərbaycanfilm"" Kinostudiyası",tammetrajlı bədii film,rəngli,90.0,1987
16,Arxada qalmış gələcək,"dram, macəra, fantastika, müharibə, uşaq",Rüfət Əsədov,Yusif Şeyxov,"Adil Azay, Əziz Məmmədov","""Azərbaycanfilm"" kinostudiyası",tammetrajlı bədii film,rəngli,71.0,2004
17,Arxadan vurulan zərbə,"dram, detektiv, cinayət",Arif Babayev,Elçin,Elbəy Rzaquliyev,"""Azərbaycanfilm"" Kinostudiyası",tammetrajlı bədii film,rəngli (ağ-qara kadrlarla),78.0,1977
18,Arşın mal alan,komediya,Boris Svetlov,Üzeyir Hacıbəyov,None,"""Filma"" Səhmdar Cəmiyyəti, [1]",tammetrajlı bədii film,ağ-qara,81.0,None
19,Arşın mal alan,"komediya, məhəbbət, musiqili","Rza Təhmasib, Nikolay Leşşenko",Sabit Rəhman,Yuri Şvets,Bakı Kinostudiyası,tammetrajlı bədii film,ağ-qara,89.0,1945
20,Arşın mal alan,"komediya, musiqili, məhəbbət",Tofiq Tağızadə,"Tofiq Tağızadə, Muxtar Dadaşov",Elbəy Rzaquliyev,"""Azərbaycanfilm"" Kinostudiyası",tammetrajlı bədii film,rəngli,85.0,1965
21,Arvad,dram,Boris Svetlov,A.D.Panova-Potyomkina,None,"""Filma"" Səhmdar Cəmiyyəti",tammetrajlı bədii film,ağ-qara,81.0,None
22,Arvadlar ərlərini mənsəbə necə çatdırırlar,komediya,Boris Svetlov,None,None,"""Filma"" Səhmdar Cəmiyyəti",tammetrajlı bədii film,ağ-qara,81.0,None
23,"Asif, Vasif, Ağasif","komediya, musiqili, uşaq",Rasim İsmayılov,Nadejda İsmayılova,Məmməd Hüseynov,"""Azərbaycanfilm"" kinostudiyası",tammetrajlı bədii film,rəngli,63.0,1983
24,Aşkarsızlıq şəraitində...,detektiv,Fərhad Yusifov,Ramiz Fətəliyev,Fikrət Bağırov,"""Azərbaycanfilm"" Kinostudiyası",None,rəngli,73.0,None
25,Avqust gələndə,"dram, uşaq",Gülbəniz Əzimzadə,Asim Cəlilov,Rafiz İsmayılov,"""Azərbaycanfilm"" Kinostudiyası",tammetrajlı bədii film,rəngli,63.0,1984
26,Babamızın babasının babası,komediya,Tofiq Tağızadə,Ramiz Rövşən,Arif Əbdürrəhmanov,Azərbaycanfilm,tammetrajlı bədii film,rəngli,72.0,1981
27,Babək,"tarixi, döyüş, bioqrafik, müharibə",Eldar Quliyev,Ənvər Məmmədxanlı,Mayis Ağabəyov,None,tammetrajlı bədii film,rəngli,128.0,1979
28,Bağ mövsümü,dram,Tofiq Tağızadə,Elçin,Kamil Nəcəfzadə,"""Azərbaycanfilm"" kinostudiyası",tammetrajlı bədii film,rəngli,77.0,1985
29,Bağlı qapı,dram,Rasim Ocaqov,Rüstəm İbrahimbəyov,Fikrət Bağırov,"""Azərbaycanfilm"" Kinostudiyası",tammetrajlı bədii film,rəngli,85.0,1981
30,Bakıda küləklər əsir,"dram, döyüş, macəra, müharibə",Muxtar Dadaşov,"Muxtar Dadaşov, Yuri Dobroxotov, Vladimir Spitsin, Vladimir Sinitsin",Elbəy Rzaquliyev,"""Azərbaycanfilm"" Kinostudiyası",tammetrajlı bədii film,ağ-qara,85.0,1974
31,Bakılılar,"dram, tarixi",Viktor Turin,"Vsevolod Pavlovski, Viktor Turin",Viktor Aden,Azərfilm,tammetrajlı bədii film,ağ-qara,97.0,1938
32,Bakının işıqları,dram,"Aleksandr Zarxi, İosif Xeyfits, Rza Təhmasib","Qriqori Koltunov, Yevgeni Pomeşşikov",M. Yuferov,Bakı Kinostudiyası,tammetrajlı bədii film,ağ-qara,88.0,1950
33,Bayquş,dram,Georgi Kravçenko,Leo Mur,None,AFKİ,tammetrajlı bədii film,ağ-qara,64.0,None
34,Bayquş gələndə...,"dram, uşaq",Şamil Mahmudbəyov,Maqsud İbrahimbəyov,Kamil Nəcəfzadə,"""Azərbaycanfilm"" kinostudiyası",tammetrajlı bədii film,rəngli,73.0,None
35,Bəxt üzüyü,komediya,Ramiz Əzizbəyli,"Ramiz Əzizbəyli, Vaqif Səmədoğlu, Orxan Fikrətoğlu",Rafiq Nəsirov,"""Qara Qayafilm"" studiyası",tammetrajlı bədii film,rəngli,97.0,1991
36,Bəxtiyar,"dram, komediya, musiqili, məhəbbət",Lətif Səfərov,"Boris Laskin, Nikolay Rojkov","Cəbrayıl Əzimov, Elbəy Rzaquliyev","Bakı kinostudiyası, [1]",tammetrajlı bədii film,ağ-qara,99.0,1955
37,Bəyin oğurlanması,"komediya, musiqili","Ceyhun Mirzəyev, Vaqif Mustafayev",Mövlud Süleymanlı,"Elbəy Rzaquliyev, Rafiq Nəsirov","""Azərbaycanfilm"" kinostudiyası",tammetrajlı bədii film,rəngli,69.0,1985
38,Bir ailə,"dram, müharibə",Qriqori Aleksandrov,"Mir Cəlal, Lev Vaysenberq, İosif Prut","Yuri Şvets, Əlisəttar Atakişiyev, Mixail Vlasov, Gülnaz Salamova","""Bakı"" kinostudiyası",tammetrajlı bədii film,ağ-qara,83.0,1943
39,Bir ailəlik bağ evi,dram,Yuli Qusman,Rüstəm İbrahimbəyov,Firəngiz Qurbanova,"""Azərbaycanfilm"" Kinostudiyası",tammetrajlı bədii film,rəngli,84.0,1978
40,Bir alçalmanın tarixi,dram,Boris Svetlov,P.Muravyov,None,"""Filma"" Səhmdar Cəmiyyəti",tammetrajlı bədii film,ağ-qara,81.0,None
41,Bir cənub şəhərində,dram,Eldar Quliyev,Rüstəm İbrahimbəyov,Kamil Nəcəfzadə,"""Azərbaycanfilm"" kinostudiyası",tammetrajlı bədii film,ağ-qara,75.0,1969
42,Bir qalanın sirri,"macəra, fantaziya, uşaq",Əlisəttar Atakişiyev,Məmmədhüseyn Təhmasib,Nadir Zeynalov,"""Azərbaycanfilm"" Kinostudiyası",tammetrajlı bədii film,rəngli,76.0,1959
43,Bir məhəllədən iki nəfər,dram,"İlya Qurin, Əjdər İbrahimov","Nazim Hikmət, A. Beqiçeva","Elbəy Rzaquliyev, Kamil Nəcəfzadə, Məmməd Hüseynov",None,tammetrajlı bədii film,ağ-qara,92.0,None
44,Bircəciyim,"dram, detektiv, məhəbbət",Ənvər Əbluc,Yuri Çulyukin,Fikrət Əhədov,"""Azərbaycanfilm"" Kinostudiyası",tammetrajlı bədii film,rəngli,67.0,1986
45,"Birisigün, gecəyarısı...","detektiv, tarixi, bioqrafik",Arif Babayev,"Məmməd Avdiyev, Ramiz Fətəliyev, Anatoli Donets",Kamil Nəcəfzadə,"""Azərbaycanfilm"" Kinostudiyası",tammetrajlı bədii film,ağ-qara,93.0,1981
46,Bismillah,dram,Abbas Mirzə Şərifzadə,Pavel Blyaxin,"K.Yevseyev, A.Plaksin",Azdövlətkinosənaye,tammetrajlı bədii film,ağ-qara,57.0,None
47,Biz qayıdacağıq,"dram, uşaq",Elxan Qasımov,"Natiq Rəsulzadə, [1]","Rafiz İsmayılov, Rafiq Nəsirov","""Azərbaycanfilm"" Kinostudiyası",tammetrajlı bədii film,rəngli,82.0,2007
48,Bizi bağışlayın,"dram, məhəbbət",Arif Babayev,"Aqlaya Boqoslovskaya, Alla Axundova",Kamil Nəcəfzadə,"""Azərbaycanfilm"" Kinostudiyası",tammetrajlı bədii film,rəngli (ağ-qara kadrlarla),72.0,1979
49,Bizim Cəbiş müəllim,"dram, müharibə",Həsən Seyidbəyli,Maqsud İbrahimbəyov,Məmməd Hüseynov,"""Azərbaycanfilm"" Kinostudiyası",tammetrajlı bədii film,ağ-qara,72.0,1969
50,Bizim küçə,"dram, macəra",Əlisəttar Atakişiyev,İmran Qasımov,Kamil Nəcəfzadə,"""Azərbaycanfilm"" Kinostudiyası",tammetrajlı bədii film,ağ-qara,84.0,1961
51,Bizim küçənin oğlanları,"dram, komediya, məhəbbət",Tofiq İsmayılov,Oqtay Orucov,Nadir Zeynalov,"""Azərbaycanfilm"" Kinostudiyası",tammetrajlı bədii film,rəngli,80.0,1973
52,Böyük dayaq,dram,Həbib İsmayılov,Mirzə İbrahimov,Məmməd Hüseynov,"""Azərbaycanfilm"" Kinostudiyası",tammetrajlı bədii film,rəngli,88.0,1962
53,Burulğan,"dram, macəra, müəmma",Eldar Quliyev,"Eldar Quliyev, Ramiz Fətəliyev",Mayis Ağabəyov,"""Azərbaycanfilm"" Kinostudiyası",tammetrajlı bədii film,rəngli,85.0,1986
54,None,None,None,None,None,None,None,None,81.0,None
55,Cansıxıcı əhvalat,dram,Cəmil Quliyev,Eldəniz Quliyev,Nazim Hacıyev,"""Azərbaycanfilm"" Kinostudiyası",tammetrajlı bədii film,rəngli,65.5,1988
56,Cavad xan,"dram, tarixi, döyüş, müharibə",Rövşən Almuradlı,Sabir Rüstəmxanlı,"Rafiz İsmayılov, Rafiq Nəsirov","""Bizim Kino"" Prodüser Mərkəzi",tammetrajlı bədii film,rəngli,120.0,2009
57,Cavid ömrü,"dram, tarixi, bioqrafik",Ramiz Həsənoğlu,Anar Rzayev,Adil Azay,"""Azvideo"" Yaradıcılıq Şirkəti",tammetrajlı bədii film,rəngli,128.0,2007
58,Cin mikrorayonda,"komediya, musiqili, fantastika",Oqtay Mirqasımov,Eldəniz Quliyev,"Rafiq Nəsirov, Şamil Nəcəfzadə","""Azərbaycanfilm"" Kinostudiyası",tammetrajlı bədii film,rəngli,75.0,1985
59,Çarvadarların izi ilə,dram,Tofiq İsmayılov,Əli Qafarov,Nadir Zeynalov,"""Azərbaycanfilm"" Kinostudiyası",tammetrajlı bədii film,rəngli,82.0,1974
60,Çətirimiz buludlardır,"Dram, Məhəbbət","Nicat Bəkirzadə, ,, Teymur Bəkirzadə",Mövlud Süleymanlı,Mais Ağabəyov,"""Azərbaycanfilm"" Kinostudiyası",tammetrajlı bədii film,rəngli,65.0,1976
61,Çölçü,"Dram, Fəlsəfi, Fəlsəfi dram",Şamil Əliyev,Vidadi Həsənov,"Rafiq Nəsirov, İbrahimxəlil Əminov","""Azərbaycanfilm"" kinostudiyası",tammetrajlı bədii film,rəngli,80.0,2012
62,Dağlarda döyüş,"dram, döyüş, macəra, cinayət",Kamil Rüstəmbəyov,Əhmədağa Qurbanov,Məmməd Hüseynov,"""Azərbaycanfilm"" Kinostudiyası",tammetrajlı bədii film,rəngli,74.0,1967
63,Dantenin yubileyi,"dram, məhəbbət","Gülbəniz Əzimzadə, Anar",Anar,Rafiz İsmayılov,"""Azərbaycanfilm"" Kinostudiyası",tammetrajlı bədii film,rəngli,80.0,1978
64,"De ki, məni sevirsən!","dram, detektiv, məhəbbət, uşaq",Maqsud İbrahimbəyov,Maqsud İbrahimbəyov,Fikrət Bağırov,"""Azərbaycanfilm"" Kinostudiyası",tammetrajlı bədii film,rəngli,63.0,1977
65,Dəcəl dəstə,"komediya, uşaq","Aleksandr Popov, Qəmər Salamzadə",Yuri Fidler,Viktor Aden,Azərfilm,tammetrajlı bədii film,ağ-qara,59.0,1937
67,Dəli Kür,dram,Hüseyn Seyidzadə,İsmayıl Şıxlı,Nadir Zeynalov,"""Azərbaycanfilm"" Kinostudiyası",tammetrajlı bədii film,ağ-qara,93.5,1969
68,Dərviş Parisi partladır,"komediya, musiqili","Kamil Rüstəmbəyov, Şamil Mahmudbəyov",Ədhəm Qulubəyov,Nadir Zeynalov,"""Azərbaycanfilm"" Kinostudiyası",tammetrajlı bədii film,rəngli,68.0,1976
69,Dərvişin qeydləri,"Tarixi, Detektiv",Eldar Quliyev,"Eldar Quliyev, İlqar Fəhmi","Mais Ağabəyov, Əziz Məmmədov",None,tammetrajlı bədii film,rəngli,100.0,2013
70,Doğma sahillər,"detektiv, döyüş, macəra, triller",Əbdül Mahmudov,Əhmədağa Muğanlı,Kamil Nəcəfzadə,"""Azərbaycanfilm"" Kinostudiyası",tammetrajlı bədii film,rəngli,87.0,1989
71,Dolu,"döyüş, müharibə",Elxan Cəfərov,Aqil Abbasov,Rafiq Nəsirov,"""Azərbaycanfilm"" kinostudiyası",tammetrajlı bədii film,rəngli,84.0,2012
72,Dörd bazar günü,"dram, müharibə",Şamil Mahmudbəyov,"Hüseyn Abbaszadə, ,, Şamil Mahmudbəyov, ,, Fərman Kərimzadə",Kamil Nəcəfzadə,"""Azərbaycanfilm"" Kinostudiyası",tammetrajlı bədii film,None,132.4,1975
73,Etiraf,"dram, cinayət, triller",Şamil Əliyev,"Şamil Əliyev, Cəmil Quliyev",Əziz Məmmədov,None,tammetrajlı bədii film,rəngli,81.0,1992
74,Evin kişisi,"dram, məhəbbət",Tofiq Tağızadə,İsi Məlikzadə,Rafiz İsmayılov,"""Azərbaycanfilm"" Kinostudiyası",tammetrajlı bədii film,rəngli,65.0,1978
76,Əgər bir yerdəyiksə,Dram,Vladimir Semakov,Oqtay Orucov,Fikrət Əhədov,"""Azərbaycanfilm"" Kinostudiyası",tammetrajlı bədii film,rəngli,67.0,1975
77,Əlaqə,"Fantastika, Müəmma",Cahangir Zeynallı,Anar,Kamran Zeynallı,"""Azərbaycanfilm"" Kinostudiyası",tammetrajlı bədii film,rəngli,89.0,None
78,Əlavə iz,detektiv,Nicat Bəkirzadə,"Arif Heydərov, Dmitri Hüseynov",Məmməd Hüseynov,"""Azərbaycanfilm"" Kinostudiyası",tammetrajlı bədii film,rəngli,75.0,1981
79,Əlavə təsir,detektiv,Elxan Cəfərov,"Elza Ağayeva, Ramiz Fətəliyev",Fikrət Ələkbərov,"""Azərbaycanfilm"" kinostudiyası",tammetrajlı bədii film,rəngli,75.0,2010
80,Əlsiz adamlar,dram,İqor Savçenko,İqor Savçenko,Viktor Aden,Azərfilm,tammetrajlı bədii film,ağ-qara,47.0,None
81,"Əlvida, cənub şəhəri",Dram,Oleq Səfərəliyev,Rüstəm İbrahimbəyov,Mayis Ağabəyov,None,tammetrajlı bədii film,rəngli,90.0,2006
82,Əmək və qızılgül,dram,Tofiq Tağızadə,"İdris Bazorkin, Tofiq Tağızadə",Kamil Nəcəfzadə,"""Azərbaycanfilm"" Kinostudiyası",tammetrajlı bədii film,ağ-qara,91.0,1962
83,Ən vacib müsahibə,dram,Eldar Quliyev,Maqsud İbrahimbəyov,"Kamil Nəcəfzadə, Fikrət Əhədov","""Azərbaycanfilm"" Kinostudiyası",tammetrajlı bədii film,ağ-qara,85.5,1971
84,Əsl dost,"dram, macəra",Tofiq Tağızadə,İmran Qasımov,Kamil Nəcəfzadə,"""Azərbaycanfilm"" Kinostudiyası",tammetrajlı bədii film,ağ-qara,68.0,1959
85,Əvəz-əvəzə,"dram, detektiv",Aleksandr Litvinov,"Pavel Velski, Sergey Trotski, Aleksandr Litvinov",A.Plaksin,None,tammetrajlı bədii film,ağ-qara,54.0,None
86,Əzablı yollar,"döyüş, macəra, musiqili, fantastika, məhəbbət, uşaq",Tofiq İsmayılov,Oqtay Məmmədov,"Elbəy Rzaquliyev, Rafiq Nəsirov","""Azərbaycanfilm"" Kinostudiyası",tammetrajlı bədii film,rəngli,73.0,1982
87,Fəryad,"dram, döyüş, müharibə",Ceyhun Mirzəyev,Vaqif Mustafayev,Rafiz İsmayılov,None,tammetrajlı bədii film,rəngli (ağ-qara kadrlarla),78.0,1993
88,Fətəli xan,"dram, tarixi, bioqrafik, müharibə",Yefim Dziqan,"Mehdi Hüseyn, ,, Ənvər Məmmədxanlı",Yuri Şvets,Bakı Kinostudiyası,tammetrajlı bədii film,ağ-qara,67.0,1947
89,Firəngiz,dram,"Əbdül Mahmudov, ,, Ənvər Əbluc",Bayram Bayramov,Kamil Nəcəfzadə,"""Azərbaycanfilm"" Kinostudiyası",tammetrajlı bədii film,rəngli,66.89,1975
90,Gecə qatarında qətl,"dram, döyüş, macəra, cinayət, triller",Əbdül Mahmudov,"Natiq Rəsulzadə, Əbdül Mahmudov",Kamil Nəcəfzadə,None,None,rəngli,91.0,None
91,Gəmi saatının sirri,"detektiv, macəra, uşaq",Rüfət Şabanov,Rüstəm İbrahimbəyov,Georgi Prokopets,None,tammetrajlı bədii film,rəngli,70.54,1983
92,Gənc qadının kişisi,Komediya,Cahangir Mehdiyev,Maqsud İbrahimbəyov,Fikrət Ələkbərov,"""Azərbaycanfilm"" Kinostudiyası",tammetrajlı bədii film,rəngli,72.0,1988
93,Gilan qızı,"dram, müharibə",Leo Mur,"Leo Mur, A.V.Bıxovski",Aleksandr S.Qonçarski,Azdövlətkinosənaye,tammetrajlı bədii film,ağ-qara,72.0,1928
94,"Girişmə, öldürər!","komediya, döyüş, macəra",Cahangir Mehdiyev,"Ramiz Fətəliyev, Pavel Kotorobay",Fikrət Ələkbərov,None,tammetrajlı bədii film,rəngli,67.5,1991
95,Girov,dram,Eldar Quliyev,"Eldar Quliyev, Natiq Rəsulzadə",Mayis Ağabəyov,"""Azərbaycanfilm"" kinostudiyası",tammetrajlı bədii film,rəngli,92.0,2005
96,Görüş,"dram, komediya, məhəbbət",Tofiq Tağızadə,"Ədhəm Qulubəyov, Nina Mustafayeva","Cəbrayıl Əzimov, Elbəy Rzaquliyev",Bakı Kinostudiyası,tammetrajlı bədii film,ağ-qara,71.5,1955
97,Gözlə məni,"dram, tarixi, macəra, məhəbbət",Kamil Rüstəmbəyov,"Elçin Əfəndiyev, , Elqa Lındina",Nadir Zeynalov,"""Azərbaycanfilm"" Kinostudiyası",tammetrajlı bədii film,rəngli,82.0,1980
98,Güllələnmə təxirə salınır!...,"dram, cinayət",Ələkbər Muradov,"İsi Məlikzadə, ,, Ələkbər Muradov",Fikrət Bağırov,None,tammetrajlı bədii film,rəngli (ağ-qara kadrlarla),71.5,2002
99,Gümüşgöl əfsanəsi,"Dram, Komediya, Məhəbbət",Eldar Quliyev,"Eldar Quliyev, ,, İsi Məlikzadə",Mayis Ağabəyov,"""Azərbaycanfilm"" Kinostudiyası",tammetrajlı bədii film,rəngli,92.0,1984
100,Gümüşü furqon,"dram, məhəbbət",Oqtay Mirqasımov,Elçin,Firəngiz Qurbanova,"""Azərbaycanfilm"" Kinostudiyası",tammetrajlı bədii film,rəngli,65.0,1982
101,Gün keçdi,"dram, məhəbbət",Arif Babayev,Anar Rzayev,Elbəy Rzaquliyev,"""Azərbaycanfilm"" Kinostudiyası",tammetrajlı bədii film,ağ-qara,83.0,1971
102,"Günaydın, mələyim!","dram, musiqili, məhəbbət",Oqtay Mirqasımov,Oqtay Mirqasımov,"Mayis Ağabəyov, Nazim Bəykişiyev, Rafiq Nəsirov, İsmayıl Məmmədov, Mirnadir Zeynalov",None,tammetrajlı bədii film,rəngli,100.0,2008
103,Hacı Qara,"komediya, macəra",Abbas Mirzə Şərifzadə,Cəfər Cabbarlı,Aleksandr Qonçarski,Azdövlətkino,tammetrajlı bədii film,ağ-qara,65.0,None
104,Hacı Qara,"komediya, macəra, musiqili, məhəbbət","Cahangir Mehdi, Elnur Mehdi","İsi Məlikzadə, Cahangir Mehdi",Rafiq Nəsirov,None,tammetrajlı bədii film,rəngli,78.5,2002
105,Haray,"dram, tarixi, macəra, müharibə",Oruc Qurbanov,"Nüşabə Məmmədova, Eldəniz Quliyev",Asif Məmmədov,"""Mozalan"" Studiyası",tammetrajlı bədii film,ağ-qara (rəngli kadrlarla),60.0,1993
106,Hazır ol,"detektiv, macəra",Mikayıl Mikayılov,Mikayıl Mikayılov,None,Bakı Kinostudiyası,tammetrajlı bədii film,ağ-qara,53.0,1939
107,Həddən artıq uyğunluq,Romantik Komediya,Ülviyyə Könül,"Ramiz Fətəliyev, Aleksandr Mardan",Rafiq Nəsirov,"Azərbaycanfilm, Kinostudiyası",None,None,81.0,None
108,"Həm ziyarət, həm ticarət...",dram,Rasim Ocaqov,Rüstəm İbrahimbəyov,Rafiq Nəsirov,None,tammetrajlı bədii film,rəngli,81.0,1995
109,Həyat bizi sınayır,"dram, məhəbbət",Şamil Mahmudbəyov,"Vidadi Babanlı, ,, Mixail Papava","Fikrət Bağırov, ,, Mayis Ağabəyov","""Azərbaycanfilm"" Kinostudiyası",tammetrajlı bədii film,ağ-qara,74.5,1972
110,Hökm,"döyüş, macəra, triller","Xəyyam Aslan, Nadir Muqbilov",Nadir Muqbilov,Fikrət Məmmədov,"""Azərbaycanfilm"" Kinostudiyası",tammetrajlı bədii film,rəngli,97.5,1994
111,Hökmdarın taleyi,"dram, tarixi, döyüş, bioqrafik, müharibə","Ramiz Fətəliyev, Dilşad Fatxulin",Elçin,Əziz Məmmədov,A.S.V.A. Profi Studiya XXI Prodüser Mərkəzi,tammetrajlı bədii film,rəngli,114.0,2008
112,Xatirələr sahili,dram,Yalçın Əfəndiyev,Oqtay Orucov,"Firəngiz Qurbanova, Fikrət Əhədov","""Azərbaycanfilm"" Kinostudiyası",tammetrajlı bədii film,rəngli,63.5,1972
113,Xeyirlə şərin rəqsi,detektiv,Yavər Rzayev,"Çingiz Abdullayev, Yavər Rzayev",Rafiq Nəsirov,"""Azərbaycanfilm"" kinostudiyası",None,rəngli,88.0,2016
114,Xoşbəxtlik qayğıları,"Dram, Komediya, Məhəbbət",Həsən Seyidbəyli,Həsən Seyidbəyli,"Məmməd Hüseynov, ,, Mayis Ağabəyov","""Azərbaycanfilm"" Kinostudiyası",tammetrajlı bədii film,rəngli,88.0,1976
115,Xüsusi vəziyyət,"dram, macəra, məhəbbət",Tofiq İsmayılov,Ramiz Fətəliyev,"Nadir Zeynalov, Elbəy Rzaquliyev","""Azərbaycanfilm"" Kinostudiyası",tammetrajlı bədii film,rəngli,134.5,1986
116,İçəri şəhər,Dram,İlqar Safat,"Təhminə Rafaella,, İlqar Safat",None,None,None,None,120.0,None
117,İlahi məxluq,dram,Yavər Rzayev,Yavər Rzayev,None,"""Bizim Kino"" Prodüser Mərkəzi",tammetrajlı bədii film,rəngli,82.0,2011
118,İlıq dənizdə buz parçası,dram,Yuli Qusman,Pavel Finn,Fikrət Əhədov,"""Azərbaycanfilm"" Kinostudiyası",tammetrajlı bədii film,rəngli,71.0,1983
119,İlk komsomol buruğu,dram,"Boris Medvedev, İvan Frolov",Katerina Vinoqradskaya,Aleksandr S. Qonçarski,Azərkino,tammetrajlı bədii film,ağ-qara,64.0,None
120,İmtahan,dram,"Gülbəniz Əzimzadə, Şahmar Ələkbərov",Anar,Şamil Nəcəfzadə,"""Azərbaycanfilm"" Kinostudiyası",tammetrajlı bədii film,rəngli,84.5,1987
121,İnsan məskən salır,dram,Arif Babayev,İmran Qasımov,Cəbrayıl Əzimov,"""Azərbaycanfilm"" Kinostudiyası",tammetrajlı bədii film,ağ-qara,74.0,1967
122,İsmət,dram,Mikayıl Mikayılov,"Mikayıl Mikayılov, Qriqori Braginski",Viktor Aden,Azdövlətkinosənaye,tammetrajlı bədii film,ağ-qara,76.5,1934
123,İstanbul reysi,"dram, musiqili",Eldar Quliyev,"Eldar Quliyev, ,, Ramiz Fətəliyev","Rafiz İsmayılov, Rafiq Nəsirov","""Azərbaycanfilm"" kinostudiyası",tammetrajlı bədii film,rəngli,81.0,2010
124,İstintaq,"Dram, Detektiv",Rasim Ocaqov,Rüstəm İbrahimbəyov,Fikrət Bağırov,"""Azərbaycanfilm"" Kinostudiyası",tammetrajlı bədii film,ağ-qara,86.0,1979
125,İstintaq davam edir,"detektiv, macəra, müəmma",Əlisəttar Atakişiyev,"Cəmşid Əmirov, Mixail Maklyarski","Nadir Zeynalov, Elbəy Rzaquliyev","""Azərbaycanfilm"" Kinostudiyası",tammetrajlı bədii film,ağ-qara,73.5,1966
127,İşgüzar səfər,dram,Rasim İsmayılov,Rüstəm İbrahimbəyov,Rafiz İsmayılov,"""Azərbaycanfilm"" Kinostudiyası",tammetrajlı bədii film,rəngli,83.0,1982
128,İyirmialtılar,"dram, tarixi, macəra",Əjdər İbrahimov,"İsa Hüseynov, Əjdər İbrahimov, Mark Maksimov",Yevgeni Svidetelev,None,tammetrajlı bədii film,ağ-qara,103.0,1966
129,Kənar adamlar,"dram, cinayət, məhəbbət, triller",Fərid Hümbətov,Fərid Hümbətov,Əziz Məmmədov,"""Metropol"" Kinoşirkəti",tammetrajlı bədii film,rəngli,74.0,1992
130,Kəndlilər,"dram, tarixi",Səməd Mərdanov,Georgi Mdivani,"Viktor Aden, G.Əliyev",Bakı Kinostudiyası,tammetrajlı bədii film,ağ-qara,87.0,1939
131,Kişi sözü,"dram, komediya, musiqili, məhəbbət",Cahangir Mehdiyev,İsi Məlikzadə,Fikrət Əhədov,Azərbaycanfilm,tammetrajlı bədii film,rəngli,71.0,None
132,Knyaz Dəmir Bulat,dram,Boris Svetlov,None,None,"""Filma"" səhmdar cəmiyyəti",qısametrajlı bədii film,ağ-qara,81.0,None
134,Köhnə bərə,"dram, məhəbbət",Elxan Qasımov,"Sabir Azəri, Fərhad Ağamalıyev",Nadir Zeynalov,"""Azərbaycanfilm"" Kinostudiyası",tammetrajlı bədii film,rəngli,79.0,1984
135,Kölgədə 40 dərəcə isti,dram,Leyla Səfərova,Eldəniz Quliyev,Firəngiz Qurbanova,"""Azərbaycanfilm"" Kinostudiyası",tammetrajlı bədii film,rəngli,69.5,1987
136,Kölgələr sürünür,"dram, macəra","İsmayıl Əfəndiyev, ,, Şua Şeyxov",Qılman Musayev,Məmməd Hüseynov,Bakı Kinostudiyası,tammetrajlı bədii film,ağ-qara,77.0,1958
137,Köpək,dram,Tofiq Tağızadə,Loğman Kərimov,Mayis Ağabəyov,"""Vahid"" Müstəqil Kinostudiyası",tammetrajlı bədii film,rəngli,77.5,1994
138,Kuklalar,Dram,Çingiz Rəsulzadə,"Çingiz Rəsulzadə,, Ramiz Fətəliyev",Rövşən Mehdiyev,Sınaq Film Prodüser Mərkəzi,tammetrajlı bədii film,rəngli,81.0,2009
139,Küçələrə su səpmişəm,dram,Nicat Feyzullayev,"İsi Məlikzadə, ,, Nicat Feyzullayev","Rafiz İsmayılov, ,, Rafiq Nəsirov","""Azərbaycanfilm"" Kinostudiyası",tammetrajlı bədii film,rəngli,80.0,None
140,Qafqaz,"dram, müharibə",Fərid Hümbətov,Fərid Hümbətov,None,None,tammetrajlı bədii film,rəngli,81.0,2007
142,Qaladan tapılan mücrü,"detektiv, macəra, uşaq",Gülbəniz Əzimzadə,"Svetlana Qasımova, Semyon Listov",Arif Əbdürrəhmanov,"""Azərbaycanfilm"" Kinostudiyası",tammetrajlı bədii film,rəngli,76.5,1982
143,Qanlı zəmi,"tarixi, döyüş, macəra, bioqrafik","Əbdül Mahmudov, Həsənağa Turabov","Süleyman Rüstəm, Əhmədağa Muğanlı",Kamil Nəcəfzadə,"""Azərbaycanfilm"" kinostudiyası",tammetrajlı bədii film,rəngli,82.0,1985
144,Qanun naminə,"dram, cinayət",Muxtar Dadaşov,Muxtar Dadaşov,Cəbrayıl Əzimov,"""Azərbaycanfilm"" Kinostudiyası",tammetrajlı bədii film,ağ-qara,97.0,1968
145,Qara daşlar,"dram, macəra",Ağarza Quliyev,Mehdi Hüseyn,"Kamil Nəcəfzadə, Elbəy Rzaquliyev",Bakı Kinostudiyası,tammetrajlı bədii film,ağ-qara,80.0,1956
146,Qara gölün cəngavərləri,"tarixi, macəra, uşaq",Ənvər Əbluc,"Süleyman Vəliyev, ,, Emil Ağayev, ,, Yuri Çulyukin",Rafiz İsmayılov,"""Azərbaycanfilm"" Kinostudiyası",tammetrajlı bədii film,rəngli,67.0,1984
147,"Qara ""Volqa""","dram, detektiv, cinayət, məhəbbət",Elşən Məmmədov,Nəriman Əbdülrəhmanlı,Nizami Bəydəmirov,"""PAKT"" Yaradıcılıq Studiyası",tammetrajlı bədii film,rəngli,86.5,1994
148,Qatır Məmməd,"tarixi, döyüş, bioqrafik",Rasim Ocaqov,"Mixail Maklyarski, Kirill Rapoport","Nadir Zeynalov, Rafiz İsmayılov","""Azərbaycanfilm"" Kinostudiyası",tammetrajlı bədii film,ağ-qara,88.5,1974
149,Qayınana,"komediya, musiqili",Hüseyn Seyidzadə,"Əjdər İbrahimov, Marqarita Maleyeva",Nadir Zeynalov,Azərbaycanfilm,tammetrajlı bədii film,rəngli,75.0,1978
150,Qəm pəncərəsi,"dram, faciəvi komediya, bioqrafik",Anar,Anar,"Elbəy Rzaquliyev, Rafiq Nəsirov","""Azərbaycanfilm"" Kinostudiyası",tammetrajlı bədii film,rəngli,127.0,1986
151,Qərib cinlər diyarında,"komediya, macəra, fantastika, uşaq",Əlisəttar Atakişiyev,Hikmət Ziya,Fikrət Əhədov,"""Azərbaycanfilm"" Kinostudiyası",tammetrajlı bədii film,rəngli,70.0,1977
152,Qəribə adam,dram,Əjdər İbrahimov,"Əjdər İbrahimov, Marqarita Maleyeva",Rafiz İsmayılov,"""Azərbaycanfilm"" Kinostudiyası",tammetrajlı bədii film,rəngli,142.5,1979
153,Qətl günü,"dram, tarixi",Gülbəniz Əzimzadə,Yusif Səmədoğlu,Mayis Ağabəyov,"""Azərbaycanfilm"" Kinostudiyası",tammetrajlı bədii film,rəngli (ağ-qara kadrlarla),131.5,1990
154,Qətldən yeddi gün sonra,"dram, detektiv",Rasim Ocaqov,Rüstəm İbrahimbəyov,"Rafiz İsmayılov, S.Portnoy",None,tammetrajlı bədii film,rəngli,89.5,1991
155,Qəzəlxan,"dram, bioqrafik",Şahmar Ələkbərov,Şahmar Ələkbərov,"Rafiq Nəsirov, Elbəy Rzaquliyev","""Azərbaycanfilm"" Kinostudiyası",tammetrajlı bədii film,rəngli (ağ-qara kadrlarla),148.0,1991
156,Qırmızı Bağ,Fəlsəfi dram-pritça,Mirbala Səlimli,Mirbala Səlimli,Leonid Karpov,"""Azərbaycanfilm"" kinostudiyası ""VayTMedia"" kinostudiyası",tammetrajlı bədii film,rəngli,88.0,2016
157,Qırmızı qatar,dram,Hafiz Fətullayev,Hafiz Fətullayev,Bəxtiyar Nəzərov,"""Sərab"" Müstəqil Kinoşirkəti",tammetrajlı bədii film,rəngli,135.5,1993
158,Qız qalası əfsanəsi,dram,Vladimir Ballyuzek,N.Breslav-Lurye,Vladimir Ballyuzek,AFKİ,tammetrajlı bədii film,ağ-qara,54.5,1923
159,Qızıl kol,dram,Beybolat Askarov,Beybolat Askarov,None,Azdövlətkino,tammetrajlı bədii film,ağ-qara,81.0,None
160,Qızıl qaz,dram,Tofiq Tağızadə,Əli Qafarov,Məmməd Hüseynov,"""Azərbaycanfilm"" Kinostudiyası",tammetrajlı bədii film,rəngli,93.5,1972
162,Qızmar günəş altında,"dram, məhəbbət",Lətif Səfərov,Həsən Seyidbəyli,Cəbrayıl Əzimov,Bakı Kinostudiyası,tammetrajlı bədii film,ağ-qara,90.5,1957
163,Qisas almadan ölmə. Keçmişdən məktublar,None,Oqtay Mirqasımov,Oqtay Mirqasımov,None,None,None,None,81.0,2014-cü il
164,Qoca palıdın nağılı,dram,"Fikrət Əliyev, Hüseyn Mehdiyev",İsi Məlikzadə,Fikrət Əhədov,"""Azərbaycanfilm"" Kinostudiyası",tammetrajlı bədii film,rəngli,63.0,1984
165,"Qocalar, qocalar...",dram,"Elxan Qasımov, Yefim Abramov","Əhmədağa Qurbanov, Yefim Abramov",Məmməd Hüseynov,"""Azərbaycanfilm"" Kinostudiyası",tammetrajlı bədii film,rəngli,65.5,1982
166,"Qorxma, mən səninləyəm","komediya, döyüş, macəra, musiqili, məhəbbət",Yuli Qusman,"Yuli Dunski, Valeri Frid",Nadir Zeynalov,"""Azərbaycanfilm"" Kinostudiyası",tammetrajlı bədii film,rəngli,148.75,1981
168,"Ləqəbi ""İKA""dır",dram,"Teymur Bəkirzadə, ,, Amin Novruzov",Vaqif Mustafayev,Mayis Ağabəyov,None,tammetrajlı bədii film,rəngli,73.5,1997
169,Lətif,"dram, uşaq",Mikayıl Mikayılov,Mikayıl Mikayılov,Aleksandr S. Qonçarski,Azərkino,tammetrajlı bədii film,ağ-qara,49.0,1930
170,Lətifə,"dram, faciəvi komediya","Nizami Musayev, Yefim Abramov",Rövşən Ağayev,"Kamil Nəcəfzadə, Nazim Hacıyev",None,tammetrajlı bədii film,rəngli,136.0,1989
171,Mahnı belə yaranır,"dram, bioqrafik","Rza Təhmasib, Mikayıl Mikayılov",Roman Fatuyev,Nadir Zeynalov,Bakı Kinostudiyası,tammetrajlı bədii film,rəngli,81.5,1957
172,Mavi dənizin sahilində,komediya,Boris Barnet,Klimenti Mints,Viktor Aden,None,tammetrajlı bədii film,ağ-qara,71.0,None
173,Mezozoy əhvalatı,"dram, məhəbbət",Rəşid Atamalıbəyov,Maqsud İbrahimbəyov,Rafiz İsmayılov,"""Azərbaycanfilm"" Kinostudiyası",tammetrajlı bədii film,rəngli,65.5,1976
174,Mədənçi-neftçi istirahətdə və müalicədə,komediya,Aleksandr Litvinov,"Aleksandr Litvinov, Pavel Velski",None,None,tammetrajlı bədii film,ağ-qara,58.0,None
175,Məhəbbət oyunu,komediya,Abbas Mirzə Şərifzadə,Aleksandr Popov,"Viktor Aden, G.Əliyev",Azərfilm,None,ağ-qara,55.0,None
177,Məkanın melodiyası,"Dram, Məhəbbət",Hüseyn Mehdiyev,"Ramiz Rövşən, Hüseyn Mehdiyev",Mayis Ağabəyov,"""Azərbaycanfilm"" kinostudiyası",tammetrajlı bədii film,"rəngli, (ağ-qara kadrlarla)",84.0,2004
178,Mən evə qayıdıram,Vətənpərvərlik,Samir Kərimoğlu,İsmayıl Səfərəli,Əziz Məmmədov,"""Salnamə"" sənədli filmlər studiyası",None,Rəngli,85.0,"2011, -, 2014"
179,Mən ki gözəl deyildim,dram,"Tofiq Tağızadə, ,, Ağarza Quliyev, ,, Ramiz Əsgərov","Bayram Bayramov, , İqor Strekov,, Ağarza Quliyev",Kamil Nəcəfzadə,"""Azərbaycanfilm"" Kinostudiyası",tammetrajlı bədii film,ağ-qara,76.0,1968
180,Mən mahnı qoşuram,"komediya, musiqili, uşaq",Tofiq İsmayılov,"İbrahim İbrahimov, Tofiq İsmayılov",Nadir Zeynalov,"""Azərbaycanfilm"" Kinostudiyası",tammetrajlı bədii film,rəngli,73.5,1979
181,Mənim ağ şəhərim,"dram, məhəbbət",Mərahim Fərzəlibəyov,Akif Həsənoğlu,Rauf Dadaşov,"""Azərbaycanfilm"" kinostudiyası",None,rəngli,83.0,None
182,Milli bomba,Faciəvi komediya,Vaqif Mustafayev,"Elçin, ,, Vaqif Mustafayev",None,None,tammetrajlı bədii film,rəngli (ağ-qara kadrlarla),104.0,2004
183,Möcüzələr adası,"dram, məhəbbət",Həsən Seyidbəyli,Həsən Seyidbəyli,Elbəy Rzaquliyev,"""Azərbaycanfilm"" Kinostudiyası",tammetrajlı bədii film,ağ-qara,69.0,1963
184,Musiqi müəllimi,"komediya, musiqili, məhəbbət, uşaq",Tofiq İsmayılov,"Radi Kuşneroviç, ,, Tofiq İsmayılov",Elbəy Rzaquliyev,"""Azərbaycanfilm"" Kinostudiyası",tammetrajlı bədii film,rəngli,65.0,1983
185,Müxtəlif sahillərdə,detektiv,Aleksandr Litvinov,"Aleksandr Litvinov, P.Vaynşteyn, İvan Tartakovski","A.Plaksin, Mixail Vlasov",Azdövlətkino,tammetrajlı bədii film,ağ-qara,65.0,None
186,Müqəddəs oda yanaram,dram,"Gülbəniz Əzimzadə, Hafiz Fətullayev",Hafiz Fətullayev,Mayis Ağabəyov,"""AMAfilm"" Kinoşirkəti",tammetrajlı bədii film,rəngli,91.0,1991
187,MÜQƏDDƏS TORPAQ,dram,Şahin Sina,Şahin Sina,Andrey Pastuşenko,None,tammetrajlı bədii film,rəngli,69.0,1992
188,Nabat,dram filmi,Elçin Musaoğlu,"Elxan Nəbiyev, Elçin Musaoğlu",Şahin Həsənli,None,None,rəngli,81.0,2014-cü il
189,Nakəs,dram,Vaqif Mustafayev,"Ramiz Fətəliyev, Vaqif Mustafayev","Rafiq Nəsirov, Nigar Nərimanbəyova",None,tammetrajlı bədii film,rəngli,142.5,1991
190,Nar bağı,dram,İlqar Nəcəf,"İlqar Nəcəf, Asif Rüstəmov, Roelof Jan Minneboo",Rafiq Nəsirov,None,tammetrajlı bədii film,rəngli,1.0,2017
191,Neft və milyonlar səltənətində,dram,Boris Svetlov,"Anna Panova-Potyomkina, [1]",None,"""Filma"" Səhmdar Cəmiyyəti, [1]",tammetrajlı bədii film,ağ-qara,81.0,1916
193,Nəsimi,"dram, tarixi, bioqrafik",Həsən Seyidbəyli,İsa Hüseynov,"Məmməd Hüseynov, Mais Ağabəyov",Azərbaycanfilm,tammetrajlı bədii film,rəngli,96.0,1973
194,Nikita İvanoviç və sosializm,dram,Aleksandr Makovski,"İqor Savçenko, Leonid Perelman, Aleksandr Makovski",Pyotr Beytner,Azərkino,tammetrajlı bədii film,ağ-qara,53.0,None
195,Niyyət,Dram,Samir Kərimoğlu,Yavər Rzayev,Fikrət Ələkbərov,"""Azərbaycanfilm"" kinostudiyası",Tammetrajlı bədii film,Rəngli,81.0,2010
196,NİZAMİ,"tarixi, bioqrafik",Eldar Quliyev,"İsa Hüseynov, ,, Eldar Quliyev",Mayis Ağabəyov,None,tammetrajlı bədii film,rəngli,125.5,1982
197,O dünyadan salam,"dram, faciəvi komediya",Tofiq Tağızadə,Tofiq Tağızadə,"Arif Məhərrəmov, Əziz Məmmədov","""TMT"" Kinoşirkəti",tammetrajlı bədii film,rəngli]],98.0,1991
198,O qızı tapın,"detektiv, döyüş, müəmma, məhəbbət",Həsən Seyidbəyli,Həsən Seyidbəyli,Məmməd Hüseynov,"""Azərbaycanfilm"" Kinostudiyası",tammetrajlı bədii film,ağ-qara,87.0,1970
199,"O olmasın, bu olsun","komediya, musiqili, məhəbbət",Hüseyn Seyidzadə,Sabit Rəhman,"Cəbrayıl Əzimov, Nadir Zeynalov",Bakı Kinostudiyası,tammetrajlı bədii film,rəngli,87.0,1956
200,Od içində,"dram, tarixi, macəra, məhəbbət",Şamil Mahmudbəyov,Əhmədağa Muğanlı,Kamil Nəcəfzadə,"""Azərbaycanfilm"" Kinostudiyası",tammetrajlı bədii film,ağ-qara,65.0,1978
201,On yeddi yaşlı oğlan,"dram, bioqrafik, müharibə",Rüfət Şabanov,"Faiq Ağamalıyev, Vaxa Matiyev, V. Fyodorov",Arif Əbdürrəhmanov,"""Azərbaycanfilm"" Kinostudiyası",tammetrajlı bədii film,rəngli,82.0,1986
202,Onu bağışlamaq olarmı?,"dram, detektiv, cinayət, musiqili, məhəbbət",Rza Təhmasib,Məmmədhüseyn Təhmasib,Nadir Zeynalov,"""Azərbaycanfilm"" Kinostudiyası",tammetrajlı bədii film,ağ-qara,92.0,1959
203,Onun bəlalı sevgisi,"dram, komediya, məhəbbət",Ziyafət Abbasov,"Bayram Bayramov, , İqor Strekov",Elbəy Rzaquliyev,"""Azərbaycanfilm"" Kinostudiyası",tammetrajlı bədii film,rəngli,72.5,1980
204,Onun böyük ürəyi,"dram, müharibə",Əjdər İbrahimov,İmran Qasımov,Elbəy Rzaquliyev,Bakı Kinostudiyası,tammetrajlı bədii film,ağ-qara,71.0,1958
206,OVSUNÇU,"dram, döyüş, macəra",Oqtay Mirqasımov,"Natiq Rəsulzadə, ,, Oqtay Mirqasımov, ,, Rüstəm İbrahimbəyov","Rafiz İsmayılov, ,, Rafiq Nəsirov",None,tammetrajlı bədii film,rəngli,97.0,2002
207,Ögey ana,"dram, macəra, uşaq",Həbib İsmayılov,"Həbib İsmayılov, ,, Anna Yan","Elbəy Rzaquliyev, ,, Məmməd Hüseynov",Bakı Kinostudiyası,tammetrajlı bədii film,ağ-qara,81.5,1958
208,Ölsəm... bağışla,"Dram, Məhəbbət",Rasim Ocaqov,Rüstəm İbrahimbəyov,Rafiz İsmayılov,"""Azərbaycanfilm"" Kinostudiyası",tammetrajlı bədii film,ağ-qara (rəngli kadrlarla),87.0,1989
209,Ölüm növbəsi,"faciəvi komediya, pritça",Fikrət Əliyev,"Fikrət Əliyev, İlqar Paşayev",Mais Ağabəyov,Sınaq Film Prodüser Mərkəzi,Tammetrajlı Bədii Film,rəngli,76.0,2009
210,Ölümünə bir saat qalmış,dram,Boris Svetlov,None,None,"""Filma"" Səhmdar Cəmiyyəti",qısametrajlı bədii film,ağ-qara,81.0,None
211,Ömrün ilk saatı,dram,Arif Babayev,Ramiz Fətəliyev,Fikrət Bağırov,"""Azərbaycanfilm"" Kinostudiyası",tammetrajlı bədii film,ağ-qara,95.5,1973
212,Ötən ilin son gecəsi,dram,Gülbəniz Əzimzadə,Anar Rzayev,Mayis Ağabəyov,"""Azərbaycanfilm"" kinostudiyası",tammetrajlı bədii film,rəngli,73.0,1983
213,Özgə ömür,"psixoloji kinodram, məhəbbət",Rasim Ocaqov,Rüstəm İbrahimbəyov,Rafiz İsmayılov,"""Azərbaycanfilm"" Kinostudiyası",tammetrajlı bədii film,rəngli,90.5,1987
214,Özgə vaxt,dram,Hüseyn Mehdiyev,"Ramiz Rövşən, ,, Hüseyn Mehdiyev",Mayis Ağabəyov,"""Azərbaycanfilm"" Kinostudiyası",tammetrajlı bədii film,ağ-qara (rəngli kadrlarla),83.0,1996
215,Park,"dram, məhəbbət",Rasim Ocaqov,Rüstəm İbrahimbəyov,Fikrət Bağırov,None,tammetrajlı bədii film,rəngli,77.5,None
216,Pəncərə,"dram, uşaq","Həsən Əbluc, Ənvər Əbluc",İsi Məlikzadə,Rafiq Nəsirov,"""Azərbaycanfilm"" Kinostudiyası",tammetrajlı bədii film,rəngli,82.0,1991
217,Romeo mənim qonşumdur,"komediya, musiqili, məhəbbət",Şamil Mahmudbəyov,"V. Yesman, İosif Prut","Nadir Zeynalov, ,, Cəbrayıl Əzimov","""Azərbaycanfilm"" Kinostudiyası",tammetrajlı bədii film,ağ-qara,66.0,1963
218,Sahə,"Dram, Müsibət (misteriya), Art-haus",İlqar Safat,İlqar Safat,"Rəna Əffəndi, Törəxanım Ağabəyova",None,tammetrajlı bədii film,rəngli,115.0,2010
219,Sahilsiz gecə,dram,Şahmar Ələkbərov,Elçin,"Elbəy Rzaquliyev, ,, Rafiq Nəsirov","""Azərbaycanfilm"" Kinostudiyası",None,rəngli,65.5,None
220,Sarı gəlin,"dram, macəra, müharibə",Yavər Rzayev,Yavər Rzayev,Rafiq Nəsirov,"""Azərbaycanfilm"" Kinostudiyası",tammetrajlı bədii film,rəngli,84.0,1998
221,Sehrli xalat,"komediya filmi, ,, macəra filmi, ,, fantastika filmi, ,, uşaq filmi, [d]",Əlisəttar Atakişiyev,"Aleksandr Tarasov, Əlisəttar Atakişiyev","Məmməd Hüseynov, Cəbrayıl Əzimov","""Azərbaycanfilm"" Kinostudiyası",tammetrajlı bədii film,rəngli,75.0,1964
224,Sevinc buxtası,"dram, tarixi, məhəbbət",Eldar Quliyev,"Georgi Mdivani, Eldar Quliyev",Rafiz İsmayılov,"""Azərbaycanfilm"" Kinostudiyası",tammetrajlı bədii film,rəngli,133.5,1977
225,Səbuhi,"dram, tarixi, bioqrafiya","Amo Bek-Nazarov, ,, Rza Təhmasib",Mikayıl Rəfili,V. Kaplunovski,Bakı Kinostudiyası,tammetrajlı bədii film,ağ-qara,101.0,1941
226,Səhər,"dram, tarixi",Ağarza Quliyev,Mehdi Hüseyn,Məmməd Hüseynov,"""Azərbaycanfilm"" Kinostudiyası",tammetrajlı bədii film,ağ-qara,85.0,1960
227,Səmt küləyi,"tarixi, macəra",Eldar Quliyev,"Yusif Səmədoğlu, ,, İrji Marek, ,, Lüdviq Toman","Kamil Nəcəfzadə, ,, Boqumil Pokornı",None,tammetrajlı bədii film,rəngli,95.5,1973
228,Sizi dünyalar qədər sevirdim,"tarixi, döyüş, bioqrafik, müharibə",Rasim İsmayılov,Ramiz Fətəliyev,Nadir Zeynalov,"""Azərbaycanfilm"" kinostudiyası",tammetrajlı bədii film,rəngli,79.0,1985
229,Skripkanın sərgüzəşti,"döyüş, macəra, müharibə, uşaq",Şamil Mahmudbəyov,"Firudin Ağayev, Solomon Rozen",Elbəy Rzaquliyev,"""Azərbaycanfilm"" Kinostudiyası",tammetrajlı bədii film,ağ-qara,72.0,1972
230,Son döyüş,"idman, döyüş, macəra, cinayət, triller",Xəyyam Aslan,Xəyyam Aslan,"Rafiz İsmayılov, Fikrət Ələkbərov",None,tammetrajlı bədii film,rəngli,91.0,1996
231,Sualtı qayıq T-9,"macəra, müharibə",Aleksandr İvanov,"Aleksandr Şteyn, İohann Zeltser","Yuri Şvets, Əlisəttar Atakişiyev",Bakı Kinostudiyası,tammetrajlı bədii film,ağ-qara,68.0,1943
232,Sübhün səfiri,"Dram, Tarixi, Bioqrafik",Ramiz Həsənoğlu,Anar,Rafiz İsmayılov,"""Azərbaycanfilm"" kinostudiyası",tammetrajlı bədii film,rəngli,150.0,2012
233,Süd dişinin ağrısı,"dram, məhəbbət, uşaq",Hüseyn Mehdiyev,Ramiz Rövşən,Arif Əbdürrəhmanov,"""Azərbaycanfilm"" Kinostudiyası",tammetrajlı bədii film,rəngli,80.0,1987
234,Sürəyya,dram,Tofiq İsmayılov,Əkrəm Əylisli,Kamil Nəcəfzadə,"""Azərbaycanfilm"" Kinostudiyası",tammetrajlı bədii film,rəngli,79.0,1987
235,Şahid qız,"detektiv, macəra",Hüseyn Mehdiyev,Hüseyn Mehdiyev,Arif Əbdürrəhmanov,None,tammetrajlı bədii film,rəngli,82.0,1990
236,Şeytan göz qabağında,"macəra, cinayət, müəmma, triller",Oqtay Mirqasımov,Asim Cəlilov,"Elbəy Rzaquliyev, Rafiq Nəsirov","""Azərbaycanfilm"" Kinostudiyası",tammetrajlı bədii film,rəngli,84.0,None
237,ŞƏHƏRLİ BİÇİNÇİLƏR,Dram,"Əbdül Mahmudov, ,, Hüseyn Mehdiyev",Ramiz Rövşən,Fikrət Əhədov,"""Azərbaycanfilm"" Kinostudiyası",tammetrajlı bədii film,"rəngli, (ağ-qara kadrlarla)",65.0,None
238,Şərikli çörək,dram,Şamil Mahmudbəyov,Alla Axundova,Fikrət Bağırov,"""Azərbaycanfilm"" kinostudiyası",tammetrajlı bədii film,ağ-qara,68.0,1969
239,Şir evdən getdi,"komediya, macəra, musiqili, uşaq",Rasim İsmayılov,Yuri Yakovlev,Firəngiz Qurbanova,"""Azərbaycanfilm"" Kinostudiyası",tammetrajlı bədii film,rəngli,126.0,1977
240,Şirbalanın məhəbbəti,"komediya, musiqili, məhəbbət",Cəmil Quliyev,"Zülfüqar Rüfətoğlu, Hacıbaba Bağırov",Mayis Ağabəyov,None,tammetrajlı bədii film,rəngli,81.5,1991
241,Telefonçu qız,"dram, məhəbbət",Həsən Seyidbəyli,"Həsən Seyidbəyli, İsidor Annenski",Elbəy Rzaquliyev,"""Azərbaycanfilm"" Kinostudiyası",tammetrajlı bədii film,ağ-qara,75.0,1962
242,Təhminə,Melodram,Rasim Ocaqov,Anar,Rafiz İsmayılov,"""Ocaq"" Müstəqil Studiyası",tammetrajlı bədii film,rəngli,107.5,1993
243,TƏXRİBAT,"dram, döyüş, macəra, müharibə",Eldar Quliyev,"Eldar Quliyev, ,, Ramiz Fətəliyev",Şamil Nəcəfzadə,"""Azərbaycanfilm"" Kinostudiyası",tammetrajlı bədii film,rəngli,95.0,1990
244,Təkcə adanı özünlə apara bilməzsən...,"dram, uşaq",Gülbəniz Əzimzadə,Nadejda İsmayılova,Mais Ağabəyov,"""Azərbaycanfilm"" kinostudiyası",tammetrajlı bədii film,rəngli,64.0,1980
245,TƏLƏ,"macəra, cinayət, triller",Rasim İsmayılov,Nadejda İsmayılova,Hədis Hacıyev,None,tammetrajlı bədii film,rəngli,97.0,1990
246,Tənha narın nağılı,Dram,"Şamil Mahmudbəyov, ,, Həsənağa Turabov",Roza Hüsnitdinova,Kamil Nəcəfzadə,"""Azərbaycanfilm"" Kinostudiyası",tammetrajlı bədii film,rəngli,66.0,1984
247,Tərsinə çevrilən dünya,"detektiv, triller",Ənvər Əbluc,Çingiz Abdullayev,Rafis İsmayılov,None,tammetrajlı bədii film,rəngli,89.0,2011
248,Torpaq. Dəniz. Od. Səma,"dram, uşaq",Şamil Mahmudbəyov,Anar Rzayev,Nadir Zeynalov,"""Azərbaycanfilm"" Kinostudiyası",tammetrajlı bədii film,rəngli,67.5,1967
249,Tütək səsi,dram,Rasim Ocaqov,İsa Hüseynov,Elbəy Rzaquliyev,"""Azərbaycanfilm"" Kinostudiyası",tammetrajlı bədii film,ağ-qara,82.0,1975
250,Ulduz,"komediya, musiqili, məhəbbət",Ağarza Quliyev,"Ağarza Quliyev, Hüseyn Nəcəfov",Kamil Nəcəfzadə,"""Azərbaycanfilm"" Kinostudiyası",tammetrajlı bədii film,ağ-qara,73.0,1964
251,Ulduzlar sönmür,"tarixi, bioqrafik",Əjdər İbrahimov,"İsa Hüseynov, ,, Əjdər İbrahimov",Yevgeni Çernyayev,None,Tammetrajlı bədii film,Rəngli,131.0,1971
252,Uşaqlığın son gecəsi,"dram, komediya, cinayət",Arif Babayev,Maqsud İbrahimbəyov,Elbəy Rzaquliyev,"""Azərbaycanfilm"" kinostudiyası",tammetrajlı bədii film,ağ-qara,89.0,1968
253,Uzaq sahillərdə,"macəra, bioqrafik, müharibə",Tofiq Tağızadə,"İmran Qasımov, ,, Həsən Seyidbəyli","Cəbrayıl Əzimov, ,, Kamil Nəcəfzadə",Bakı Kinostudiyası,tammetrajlı bədii film,ağ-qara,89.0,1958
254,ÜMİD,dram,Gülbəniz Əzimzadə,Orxan Fikrətoğlu,Mayis Ağabəyov,"""Azərbaycanfilm"" Kinostudiyası",tammetrajlı bədii film,rəngli,74.0,1995
255,ÜRƏK... ÜRƏK...,"Dram, Məhəbbət",Eldar Quliyev,Rüstəm İbrahimbəyov,Mais Ağabəyov,"""Azərbaycanfilm"" Kinostudiyası",tammetrajlı bədii film,rəngli,89.5,1976
256,Üzeyir ömrü,"dram, komediya, bioqrafik, musiqili",Anar Rzayev,Anar Rzayev,Rafiz İsmayılov,"""Azərbaycanfilm"" Kinostudiyası",tammetrajlı bədii film,rəngli,163.0,None
257,Üzü küləyə,dram,Əbdül Mahmudov,Oqtay Orucov,Fikrət Əhədov,"""Azərbaycanfilm"" Kinostudiyası",tammetrajlı bədii film,rəngli,69.0,1977
258,"Var olun, qızlar...","dram, məhəbbət",Eldar Quliyev,"Alla Axundova, ,, Hüseyn Seyidzadə",Kamil Nəcəfzadə,"""Azərbaycanfilm"" Kinostudiyası",None,ağ-qara,86.5,None
259,Vulkan üzərində ev,dram,None,None,Aleksandr S. Qonçarski,None,tammetrajlı bədii film,ağ-qara,63.0,None
260,Yalan,"dram, müharibə",Ramiz Əzizbəyli,Orxan Fikrətoğlu,Nizami Bəydəmirov,"""Azərbaycanfilm"" Kinostudiyası",tammetrajlı bədii film,rəngli,90.5,2005
261,Yaramaz,"dram, faciəvi komediya",Vaqif Mustafayev,"Ramiz Fətəliyev, Vaqif Mustafayev","Rafiq Nəsirov, Nazim Hacıyev","""Azərbaycanfilm"" Kinostudiyası",None,rəngli (ağ-qara kadrlarla),90.0,None
262,Yarasa,Dram,Ayaz Salayev,"Ayaz Salayev, ,, Kamal Aslanov",None,"""İnterturan"" Konserni",Tammetrajlı bədii film,Rəngli (ağ-qara kadrlarla),80.0,1995
263,Yarımçıq qalmış mahnı,"dram, musiqili, məhəbbət",Maqsud İbrahimbəyov,Maqsud İbrahimbəyov,Elbəy Rzaquliyev,Azərbaycanfilm,tammetrajlı bədii film,rəngli,81.0,None
264,Yarımçıq xatirələr,"Tarixi, Dram, Döyüş, Müharibə",Elxan Cəfərov,"Konstantin Vorobyov, Yavər Rzayev","Rafiq Nəsirov, Vadim Şafranski","""Azərbaycanfilm"" kinostudiyası",Tammetrajlı bədii film,Rəngli,90.0,2015
265,"Yaşamaq gözəldir, qardaşım!","dram, macəra","Ramiz Əsgərov, , Antonis Voyazos",Leonid Aqranoviç,"Nadir Zeynalov, ,, Fikrət Bağırov","""Azərbaycanfilm"" Kinostudiyası",tammetrajlı bədii film,ağ-qara,69.0,1966
266,YAY GÜNLƏRİNİN XƏZAN YARPAQLARI,"dram, uşaq",Tofiq İsmayılov,Asim Cəlilov,Nadir Zeynalov,"""Azərbaycanfilm"" Kinostudiyası",tammetrajlı bədii film,rəngli,75.0,1986
267,Yeddi oğul  istərəm...,"dram, döyüş, vestern",Tofiq Tağızadə,Yusif Səmədoğlu,Nadir Zeynalov,"""Azərbaycanfilm"" Kinostudiyası",tammetrajlı bədii film,ağ-qara,90.0,1970
268,Yeni horizont,dram,"Ağarza Quliyev, Qriqori Braginski",İmran Qasımov,Qasım Səlimxanov,Bakı Kinostudiyası,tammetrajlı bədii film,ağ-qara,83.0,1940
269,Yenilməz batalyon,"dram, tarixi, macəra",Hüseyn Seyidzadə,Qılman Musayev,Nadir Zeynalov,"""Azərbaycanfilm"" Kinostudiyası",tammetrajlı bədii film,ağ-qara,88.5,None
270,Yol əhvalatı,"komediya, məhəbbət",Teymur Bəkirzadə,Asim Cəlilov,Fikrət Əhədov,"""Azərbaycanfilm"" Kinostudiyası",tammetrajlı bədii film,rəngli,72.0,1980
272,YÜK,"dram, bioqrafik",Rövşən Almuradlı,Şahmar Ələkbərov,"Adil Azay, ,, Rafiq Nəsirov","""Bəri-Bax"" Kinostudiyası",tammetrajlı bədii film,rəngli,77.5,None
273,ZİRZƏMİ,"dram, məhəbbət",Davud İmanov,Dinarə Seyidova,"Mayis Ağabəyov, ,, Rafiq Nəsirov","""Azərbaycanfilm"" Kinostudiyası",None,rəngli,87.0,None
